Solver,Time (s),Mean Wealth,Sharpe Ratio
DP,0.8943742999981623,135.17515687273317,0.9090536327200304
OR-Tools,1.7999846022576094e-06,179.83807921981696,0.8921205725899684
RL,27.207397699996363,118.14944647237935,0.5869568400686125
