Solver,Time (s),Mean Wealth,Sharpe Ratio
DP,4.576960400008829,737.1304496429715,0.8963490444052999
OR-Tools,1.700012944638729e-06,1692.4259626463172,1.0660083720149545
RL,123.25556869999855,488.7789869902197,1.3176268170850423
