Solver,Time (s),Mean Wealth,Sharpe Ratio
DP,6.811132400063798,387.2873032085318,0.8575844935475887
OR-Tools,5.300040356814861e-06,1758.720285758984,0.7846465296245719
RL,219.80491980002262,584.8958050443612,1.3824411219312822
