{
  "tickers": [
    "AAPL",
    "MSFT",
    "AMZN",
    "GOOGL",
    "META",
    "JPM",
    "XOM",
    "JNJ",
    "NVDA",
    "PG"
  ],
  "start": "2018-01-01",
  "lookback": 252,
  "rebalance": 21,
  "n_scen": 60,
  "constraints": {
    "K": 5,
    "w_max": 0.6,
    "Q": 1000,
    "q_min": 1,
    "tc_per_lot": 5,
    "beta": 0.95,
    "lambda": 1.0
  },
  "metrics": {
    "equal": {
      "mean": 0.2860009203526215,
      "vol": 0.22032553377952535,
      "sharpe": 1.2980834106990793,
      "maxDD": -0.30479292124808754
    },
    "cvxpy": {
      "mean": 0.2859828492328959,
      "vol": 0.2203276854140865,
      "sharpe": 1.2979887148336184,
      "maxDD": -0.3047937976998588
    },
    "cpsat": {
      "mean": 0.19031333459269342,
      "vol": 0.18640829850006058,
      "sharpe": 1.0209488318066031,
      "maxDD": -0.25290677014450713
    }
  },
  "diagnostics": {
    "avg_turnover_cvx": 2.799868837476927e-05,
    "avg_turnover_cps": 0.9916000000000001,
    "avg_selected_cps": 4.447058823529412,
    "statuses_last10": [
      "CpSolverStatus.OPTIMAL",
      "CpSolverStatus.OPTIMAL",
      "CpSolverStatus.OPTIMAL",
      "CpSolverStatus.OPTIMAL",
      "CpSolverStatus.OPTIMAL",
      "CpSolverStatus.OPTIMAL",
      "CpSolverStatus.OPTIMAL",
      "CpSolverStatus.OPTIMAL",
      "CpSolverStatus.OPTIMAL",
      "CpSolverStatus.OPTIMAL"
    ]
  }
}