{
  "timestamp": "20260202_111059",
  "tickers": [
    "AAPL",
    "MSFT",
    "AMZN",
    "GOOGL",
    "META",
    "JPM",
    "XOM",
    "JNJ",
    "NVDA",
    "PG"
  ],
  "start": "2018-01-01",
  "train_len": 504,
  "test_len": 21,
  "Q": 1000,
  "K": 5,
  "q_min": 1,
  "w_max": 0.6,
  "cost_rate": 0.001,
  "beta": 0.95,
  "lambda_cvar": 1.0,
  "turnover_cap_lots": 200,
  "cvx_lam": 0.3,
  "cvx_gamma_tc": 0.05,
  "metrics": {
    "equal_weight": {
      "mean": 0.2638785391961132,
      "vol": 0.22976016890539092,
      "sharpe": 1.1484955832565187,
      "maxDD": -0.30479298630804263
    },
    "cvxpy": {
      "mean": 0.26387900135812414,
      "vol": 0.22976077363124225,
      "sharpe": 1.1484945719308919,
      "maxDD": -0.3047929330764786
    },
    "cpsat": {
      "mean": 0.2638785391961132,
      "vol": 0.22976016890539092,
      "sharpe": 1.1484955832565187,
      "maxDD": -0.30479298630804263
    }
  },
  "diagnostics": {
    "avg_turnover_cvx_L1": 4.1002303743776904e-07,
    "avg_turnover_cvx_weight": 2.0501151871888452e-07,
    "avg_turnover_cps_lots": 0.0,
    "avg_turnover_cps_weight": 0.0,
    "avg_cost_cvx": 2.0501151871888453e-10,
    "avg_cost_cps": 0.0,
    "avg_selected_assets_cps": 10.0,
    "statuses_tail": [
      "CpSolverStatus.INFEASIBLE",
      "CpSolverStatus.INFEASIBLE",
      "CpSolverStatus.INFEASIBLE",
      "CpSolverStatus.INFEASIBLE",
      "CpSolverStatus.INFEASIBLE",
      "CpSolverStatus.INFEASIBLE",
      "CpSolverStatus.INFEASIBLE",
      "CpSolverStatus.INFEASIBLE",
      "CpSolverStatus.INFEASIBLE",
      "CpSolverStatus.INFEASIBLE"
    ]
  }
}